id,first_name,last_name,email,gender,ip_address
1,Gae,Fike,gfike0@taobao.com,Female,48.55.95.246
2,Johnathon,Gercken,jgercken1@dropbox.com,Male,130.112.117.2
3,Oralie,Glamart,oglamart2@berkeley.edu,Female,211.195.231.37
4,Rafe,Verrillo,rverrillo3@freewebs.com,Genderfluid,228.49.87.10
5,Isacco,Jedryka,ijedryka4@bbc.co.uk,Male,197.25.222.201
6,Emanuel,Di Carlo,edicarlo5@umn.edu,Male,169.218.179.228
7,Kent,Labram,klabram6@gov.uk,Genderqueer,82.116.44.4
8,Brynna,Kinnaird,bkinnaird7@toplist.cz,Female,177.19.207.217
9,Dare,Filyushkin,dfilyushkin8@gizmodo.com,Male,122.173.182.82
10,Neville,Hebner,nhebner9@cnet.com,Polygender,168.147.185.98
11,Val,Simpkin,vsimpkina@tmall.com,Female,95.112.214.14
12,Nestor,Grinval,ngrinvalb@artisteer.com,Agender,90.214.184.227
13,Gloriana,Brennan,gbrennanc@baidu.com,Female,248.86.209.147
14,Boyce,Lehrle,blehrled@plala.or.jp,Male,67.111.6.63
15,Babbie,Blazeby,bblazebye@drupal.org,Non-binary,255.207.18.40
16,Freeland,Dracey,fdraceyf@hostgator.com,Male,173.3.228.128
17,Perrine,Bordes,pbordesg@infoseek.co.jp,Female,165.237.19.242
18,Lazare,Jelf,ljelfh@geocities.jp,Male,177.219.254.185
19,Claire,Oglethorpe,coglethorpei@businesswire.com,Male,150.88.201.199
20,Massimiliano,Bomb,mbombj@prweb.com,Male,169.2.31.49
21,Anallise,Shovelin,ashovelink@gmpg.org,Bigender,10.211.245.157
22,Debor,Gallichan,dgallichanl@youtu.be,Female,160.8.51.149
23,Kerianne,Cess,kcessm@purevolume.com,Bigender,69.238.77.92
24,Lee,Giovannardi,lgiovannardin@163.com,Male,105.16.26.25
25,Jennilee,Emblen,jembleno@lulu.com,Female,185.19.123.126
26,Jeddy,McClounan,jmcclounanp@tripadvisor.com,Male,188.227.62.86
27,Diannne,Driver,ddriverq@mapy.cz,Female,155.131.249.52
28,Leo,Scougal,lscougalr@state.tx.us,Male,192.252.43.249
29,Henderson,O'Canavan,hocanavans@parallels.com,Polygender,29.110.190.199
30,Dede,Roiz,droizt@cocolog-nifty.com,Female,138.206.197.11
31,Alard,Floyed,afloyedu@admin.ch,Genderfluid,100.159.235.146
32,Menard,Strutley,mstrutleyv@accuweather.com,Male,135.248.197.157
33,Kylie,Bodocs,kbodocsw@dagondesign.com,Male,148.240.66.133
34,Stinky,Tutsell,stutsellx@nps.gov,Non-binary,234.62.98.252
35,Howard,Bukac,hbukacy@ihg.com,Non-binary,159.109.79.46
36,Melva,MacRanald,mmacranaldz@barnesandnoble.com,Female,12.233.166.117
37,Terence,Bartolomeotti,tbartolomeotti10@theguardian.com,Male,253.97.13.216
38,Minne,Roblett,mroblett11@cisco.com,Female,24.120.230.117
39,Carroll,Downe,cdowne12@newsvine.com,Female,166.244.233.61
40,Ariadne,Tremaine,atremaine13@drupal.org,Female,203.245.202.141
41,Ara,Duignan,aduignan14@1688.com,Female,202.107.135.112
42,Jozef,Dollin,jdollin15@goo.ne.jp,Male,28.28.53.231
43,Wash,Syder,wsyder16@disqus.com,Male,195.100.89.16
44,Tamqrah,Cosins,tcosins17@opera.com,Female,242.51.151.79
45,Noll,Wilford,nwilford18@engadget.com,Male,187.183.208.53
46,Kayne,Edgecombe,kedgecombe19@vinaora.com,Male,153.120.223.240
47,Noreen,Zanolli,nzanolli1a@bluehost.com,Bigender,162.17.151.49
48,Trueman,Johansson,tjohansson1b@apache.org,Male,65.28.249.163
49,Oralla,Minkin,ominkin1c@bloomberg.com,Female,241.35.180.203
50,Mandie,Fairclough,mfairclough1d@purevolume.com,Non-binary,68.201.83.23
51,Waldemar,Gawne,wgawne1e@aol.com,Male,131.37.179.45
52,Iain,Saunter,isaunter1f@dmoz.org,Male,155.133.67.177
53,Perkin,Regglar,pregglar1g@unesco.org,Male,113.25.179.11
54,Lucias,McPhillimey,lmcphillimey1h@sphinn.com,Non-binary,77.140.241.121
55,Trumann,MacCurtain,tmaccurtain1i@shinystat.com,Agender,105.22.220.225
56,Zahara,Seeking,zseeking1j@freewebs.com,Female,147.22.27.204
57,Heida,Barajas,hbarajas1k@shutterfly.com,Female,27.33.248.151
58,Tessi,Sargint,tsargint1l@webnode.com,Female,58.242.165.123
59,Harold,Pittem,hpittem1m@merriam-webster.com,Male,205.14.12.227
60,Christie,Jirsa,cjirsa1n@wikimedia.org,Female,81.30.12.211
61,Swen,Kach,skach1o@house.gov,Male,124.27.249.20
62,Conny,Scamadine,cscamadine1p@china.com.cn,Male,7.22.142.64
63,Gilbert,Saw,gsaw1q@twitpic.com,Male,32.210.67.113
64,Perrine,Valentino,pvalentino1r@tmall.com,Female,99.39.108.40
65,Ethelred,Darkin,edarkin1s@techcrunch.com,Male,94.102.168.214
66,Maia,Remmer,mremmer1t@gov.uk,Genderqueer,219.194.129.123
67,Alfi,Ducket,aducket1u@admin.ch,Female,10.92.55.218
68,Hilde,Gommey,hgommey1v@ning.com,Female,53.177.171.203
69,Rita,Harpham,rharpham1w@marketwatch.com,Female,19.100.62.231
70,Denny,Stancer,dstancer1x@1und1.de,Female,173.241.195.121
71,Reade,Starkings,rstarkings1y@purevolume.com,Male,221.154.94.238
72,Aline,Loades,aloades1z@i2i.jp,Female,92.147.193.229
73,Jamaal,Symmers,jsymmers20@oracle.com,Male,243.7.107.61
74,Gannie,Caraher,gcaraher21@soundcloud.com,Male,71.254.71.129
75,Eldon,Danbi,edanbi22@tamu.edu,Male,27.128.202.169
76,Vernice,Simonutti,vsimonutti23@e-recht24.de,Female,6.201.199.27
77,Hyacinthe,Tippell,htippell24@pen.io,Female,142.87.142.187
78,Cindee,Peinton,cpeinton25@creativecommons.org,Female,169.131.27.147
79,Albie,Purser,apurser26@ocn.ne.jp,Polygender,114.26.30.237
80,Rice,Lansly,rlansly27@fda.gov,Male,173.9.174.77
81,Cynde,Bougen,cbougen28@domainmarket.com,Female,71.246.158.115
82,Nerissa,Mundy,nmundy29@si.edu,Female,95.116.3.214
83,Elie,Beet,ebeet2a@blogtalkradio.com,Female,243.143.124.91
84,Nessie,McElvogue,nmcelvogue2b@so-net.ne.jp,Female,53.24.21.138
85,Alvinia,Benedick,abenedick2c@infoseek.co.jp,Female,58.11.32.139
86,Blinny,Labet,blabet2d@mysql.com,Female,73.7.219.127
87,Ozzy,Comfort,ocomfort2e@nydailynews.com,Male,150.52.152.188
88,Honor,Queyos,hqueyos2f@ask.com,Female,34.227.31.118
89,Katerina,Croci,kcroci2g@i2i.jp,Female,153.168.240.144
90,Justine,Hunnicot,jhunnicot2h@drupal.org,Female,38.171.218.188
91,Isis,McCaughey,imccaughey2i@seattletimes.com,Polygender,28.176.165.133
92,Ruttger,Hallard,rhallard2j@squarespace.com,Male,136.10.7.88
93,Kara-lynn,Le - Count,klecount2k@guardian.co.uk,Female,96.225.51.178
94,Kienan,McKyrrelly,kmckyrrelly2l@cargocollective.com,Genderqueer,247.213.159.221
95,Shaine,Kenny,skenny2m@is.gd,Male,207.173.251.63
96,Casey,Gallgher,cgallgher2n@ucsd.edu,Female,134.85.183.45
97,Eziechiele,O'Dreain,eodreain2o@va.gov,Male,86.191.70.190
98,Vitoria,Tomkinson,vtomkinson2p@soundcloud.com,Female,79.15.45.172
99,Maisie,Uttley,muttley2q@census.gov,Female,235.222.24.115
100,Averill,Debow,adebow2r@japanpost.jp,Male,17.214.233.182
101,Des,Gwilliam,dgwilliam2s@addtoany.com,Male,122.103.12.153
102,Vernice,Mithun,vmithun2t@auda.org.au,Polygender,9.83.25.100
103,Fawnia,Raisher,fraisher2u@bloglovin.com,Female,210.25.163.2
104,Thurstan,Manjin,tmanjin2v@nationalgeographic.com,Male,51.178.197.132
105,Ludwig,Ties,lties2w@fda.gov,Male,47.201.105.160
106,Stefan,Canny,scanny2x@nydailynews.com,Male,140.189.254.202
107,Sibilla,Conwell,sconwell2y@arstechnica.com,Female,0.2.177.164
108,Lars,McAulay,lmcaulay2z@rambler.ru,Male,194.222.231.89
109,Jude,Pavluk,jpavluk30@parallels.com,Male,240.13.114.124
110,Blane,Shotton,bshotton31@baidu.com,Male,195.77.200.29
111,Kandace,Pretorius,kpretorius32@boston.com,Female,184.75.206.200
112,Kearney,Teece,kteece33@exblog.jp,Male,92.123.99.42
113,Sosanna,Helks,shelks34@disqus.com,Female,215.178.118.104
114,Salvidor,Papes,spapes35@miibeian.gov.cn,Male,200.85.134.183
115,Cal,Argyle,cargyle36@nifty.com,Polygender,211.31.224.61
116,Pablo,Maddams,pmaddams37@storify.com,Male,65.94.24.169
117,Beatrix,Haresnape,bharesnape38@livejournal.com,Female,149.191.29.227
118,Elton,Elvey,eelvey39@google.de,Male,123.206.135.46
119,Therine,Mazzia,tmazzia3a@jimdo.com,Polygender,203.105.222.244
120,Annalise,Crockley,acrockley3b@printfriendly.com,Female,11.73.50.48
121,Aluin,Blankett,ablankett3c@shinystat.com,Male,254.74.228.237
122,Al,Bulstrode,abulstrode3d@icio.us,Male,150.142.178.229
123,Yasmeen,Brixey,ybrixey3e@paypal.com,Female,91.123.40.140
124,Georgette,Mirando,gmirando3f@qq.com,Female,16.212.190.50
125,Fan,Americi,famerici3g@amazon.com,Female,136.34.68.180
126,Ado,Carek,acarek3h@mysql.com,Polygender,122.223.191.8
127,Prentiss,Llewhellin,pllewhellin3i@histats.com,Male,49.3.105.170
128,Nessie,Wank,nwank3j@slate.com,Female,190.223.197.133
129,Rosanna,Kulver,rkulver3k@reference.com,Female,24.183.58.93
130,Packston,Dalgleish,pdalgleish3l@java.com,Male,178.110.192.190
131,Lucinda,Moth,lmoth3m@who.int,Female,239.212.4.53
132,Gerty,Wakerley,gwakerley3n@cdbaby.com,Female,206.170.9.67
133,Marnie,Phidgin,mphidgin3o@ox.ac.uk,Female,124.90.197.94
134,Portie,Rupert,prupert3p@amazonaws.com,Male,114.0.226.159
135,Emmanuel,Battelle,ebattelle3q@weather.com,Male,229.81.106.78
136,Lavinie,Kydd,lkydd3r@tamu.edu,Female,69.106.122.211
137,Christoffer,Scatcher,cscatcher3s@shop-pro.jp,Male,59.145.229.130
138,Josh,Wrathmell,jwrathmell3t@parallels.com,Male,170.110.189.155
139,Miriam,L'oiseau,mloiseau3u@myspace.com,Non-binary,137.168.78.113
140,Lora,Boyen,lboyen3v@barnesandnoble.com,Female,110.21.37.114
141,Rodrique,O'Fallon,rofallon3w@techcrunch.com,Male,78.99.229.194
142,Sidonia,Ortega,sortega3x@facebook.com,Female,201.2.31.97
143,Dagny,Algy,dalgy3y@linkedin.com,Genderfluid,158.19.31.52
144,Arin,Surgood,asurgood3z@github.com,Male,102.126.236.87
145,Putnam,Lopez,plopez40@toplist.cz,Male,128.231.4.128
146,Merle,Darville,mdarville41@so-net.ne.jp,Female,26.146.95.150
147,Delcina,Rennenbach,drennenbach42@delicious.com,Female,153.138.203.105
148,Billy,Normanton,bnormanton43@paginegialle.it,Male,44.103.59.119
149,Beverlee,Pesic,bpesic44@imageshack.us,Female,179.215.14.151
150,Dreddy,MacCague,dmaccague45@shop-pro.jp,Female,137.222.10.134
151,Carol-jean,Spacie,cspacie46@accuweather.com,Female,243.192.29.32
152,Clo,Lindup,clindup47@businesswire.com,Female,178.125.194.124
153,Eadmund,Guillford,eguillford48@mysql.com,Male,80.244.32.28
154,Levey,Riseam,lriseam49@arizona.edu,Male,54.130.203.155
155,Chere,Graeber,cgraeber4a@jugem.jp,Female,149.81.21.119
156,Eal,Corbett,ecorbett4b@discovery.com,Polygender,74.228.221.234
157,Farrell,Dametti,fdametti4c@amazon.co.uk,Male,221.215.163.62
158,Kally,Truss,ktruss4d@wufoo.com,Female,55.148.108.235
159,Natala,Quarton,nquarton4e@wisc.edu,Female,84.177.248.188
160,Sara,Wehden,swehden4f@nydailynews.com,Female,142.219.93.66
161,Rodney,Surgener,rsurgener4g@nationalgeographic.com,Male,18.75.68.30
162,Mano,Broxap,mbroxap4h@economist.com,Male,220.76.237.229
163,Beverlee,Bosomworth,bbosomworth4i@discuz.net,Female,171.93.80.71
164,Hope,Kembry,hkembry4j@alexa.com,Female,105.112.246.25
165,Estele,Wortt,ewortt4k@berkeley.edu,Female,172.222.255.164
166,Ethelyn,Marriage,emarriage4l@xing.com,Female,207.250.130.214
167,Ber,Hambling,bhambling4m@jigsy.com,Male,32.162.199.155
168,Selie,Chad,schad4n@myspace.com,Female,48.65.232.68
169,Catherina,Parkhouse,cparkhouse4o@cornell.edu,Female,83.56.93.86
170,Margi,Heinschke,mheinschke4p@reverbnation.com,Female,123.130.199.96
171,Jelene,Painswick,jpainswick4q@usa.gov,Female,82.63.87.216
172,Leigh,Mepham,lmepham4r@mac.com,Male,6.64.247.50
173,Asa,Majury,amajury4s@umich.edu,Male,60.161.90.156
174,Mattias,Danbi,mdanbi4t@goodreads.com,Male,36.36.161.125
175,Elmira,Minichillo,eminichillo4u@homestead.com,Female,73.147.229.198
176,Robin,Winsper,rwinsper4v@accuweather.com,Female,89.180.183.181
177,Guendolen,O'Cullinane,gocullinane4w@indiegogo.com,Female,12.2.156.231
178,Gunner,Joust,gjoust4x@telegraph.co.uk,Male,91.204.233.168
179,Jaime,Launder,jlaunder4y@oracle.com,Male,242.222.172.234
180,Anna-maria,Bourchier,abourchier4z@rambler.ru,Non-binary,240.8.171.229
181,Madel,Yewdall,myewdall50@marketwatch.com,Genderfluid,118.23.95.42
182,Devonna,Coultass,dcoultass51@cafepress.com,Female,82.137.91.18
183,Adi,Morican,amorican52@gizmodo.com,Female,109.144.55.25
184,Julie,Cops,jcops53@digg.com,Male,21.67.204.6
185,Carena,Lundie,clundie54@networksolutions.com,Female,208.43.43.186
186,Sinclair,Rumgay,srumgay55@unc.edu,Genderfluid,46.10.150.151
187,Otes,Vale,ovale56@netvibes.com,Male,107.84.39.71
188,Cookie,Mingus,cmingus57@ihg.com,Female,95.73.220.32
189,Hendrika,Copcott,hcopcott58@wikispaces.com,Female,242.155.106.212
190,Derward,Sigg,dsigg59@marketwatch.com,Male,143.174.34.95
191,Ines,Autin,iautin5a@fema.gov,Female,97.5.169.111
192,Liesa,Manuaud,lmanuaud5b@patch.com,Female,88.1.10.15
193,Thoma,Dwelley,tdwelley5c@xrea.com,Male,190.48.249.157
194,Mela,Yalden,myalden5d@about.com,Female,121.189.120.131
195,Kayne,Cargen,kcargen5e@soundcloud.com,Male,179.33.130.139
196,Terrell,Betonia,tbetonia5f@bbb.org,Male,149.58.162.149
197,Gary,Ceresa,gceresa5g@domainmarket.com,Agender,59.234.148.178
198,Rufe,Heball,rheball5h@shop-pro.jp,Male,246.198.163.14
199,Raynell,Peppard,rpeppard5i@techcrunch.com,Non-binary,170.15.7.57
200,Rosina,Peert,rpeert5j@prlog.org,Genderfluid,181.238.3.157
201,Karol,Hewins,khewins5k@youtu.be,Female,65.118.18.2
202,Larine,Axten,laxten5l@statcounter.com,Female,73.222.176.225
203,Arabelle,Horrigan,ahorrigan5m@hostgator.com,Female,30.66.123.151
204,Roxy,Tague,rtague5n@godaddy.com,Agender,100.79.109.59
205,Goldia,Sendley,gsendley5o@comsenz.com,Female,145.62.225.210
206,Thomasine,Luca,tluca5p@foxnews.com,Female,118.248.232.53
207,Cher,Le Prevost,cleprevost5q@surveymonkey.com,Genderfluid,133.50.97.44
208,Frayda,Daldry,fdaldry5r@multiply.com,Female,175.191.121.64
209,Lind,Ropert,lropert5s@ucsd.edu,Male,16.93.95.61
210,Stephana,Strognell,sstrognell5t@example.com,Female,186.118.108.121
211,Rivi,Akerman,rakerman5u@webmd.com,Female,217.8.59.69
212,Mannie,Shouler,mshouler5v@mit.edu,Male,8.199.131.106
213,Ysabel,Conkey,yconkey5w@friendfeed.com,Non-binary,8.142.250.180
214,Lenci,Mantrup,lmantrup5x@edublogs.org,Male,157.145.53.126
215,Ilise,McGarrie,imcgarrie5y@taobao.com,Female,33.169.2.215
216,Ceil,Darcey,cdarcey5z@eventbrite.com,Female,54.129.81.62
217,Lek,Josling,ljosling60@house.gov,Male,188.50.153.111
218,Arlyn,Vahl,avahl61@columbia.edu,Female,99.30.154.138
219,Blancha,Cod,bcod62@hhs.gov,Female,206.27.128.232
220,Nariko,Clifford,nclifford63@discuz.net,Female,176.90.128.184
221,Waylon,Ankrett,wankrett64@amazon.de,Male,113.153.33.83
222,Ulick,Idwal Evans,uidwalevans65@hostgator.com,Male,45.96.38.192
223,Lewie,Linacre,llinacre66@com.com,Male,224.2.5.81
224,Heath,Pellamonuten,hpellamonuten67@w3.org,Male,236.134.138.14
225,Sheffie,Passey,spassey68@intel.com,Male,246.42.75.18
226,Meridith,Lainge,mlainge69@cnn.com,Female,44.113.77.66
227,Bonnie,Cattrall,bcattrall6a@canalblog.com,Female,85.76.84.216
228,Quintana,Athelstan,qathelstan6b@de.vu,Polygender,139.203.150.147
229,Ottilie,Falconbridge,ofalconbridge6c@fastcompany.com,Female,5.210.7.184
230,Reba,Nockells,rnockells6d@ning.com,Female,100.6.41.207
231,Reynard,Ridley,rridley6e@oracle.com,Agender,27.177.117.148
232,Noell,Beedham,nbeedham6f@ucoz.ru,Female,118.111.57.245
233,Mal,Morrieson,mmorrieson6g@psu.edu,Male,42.225.247.244
234,Colby,Kindle,ckindle6h@gizmodo.com,Male,209.29.65.83
235,Arnaldo,Demeza,ademeza6i@dailymail.co.uk,Male,246.225.43.125
236,Charmine,Gradley,cgradley6j@posterous.com,Female,214.178.224.153
237,Torrin,Smy,tsmy6k@seattletimes.com,Male,95.133.211.34
238,Murdoch,Binford,mbinford6l@intel.com,Male,172.229.19.22
239,Hermia,Clements,hclements6m@ftc.gov,Female,104.73.162.120
240,Saxon,Boycott,sboycott6n@deviantart.com,Male,107.97.213.133
241,Lurette,Porch,lporch6o@pcworld.com,Female,237.189.91.124
242,Hendrika,Gluyus,hgluyus6p@jigsy.com,Female,97.241.216.219
243,Efren,McNeill,emcneill6q@skype.com,Male,124.149.29.87
244,Magda,Kerwick,mkerwick6r@flavors.me,Female,246.4.41.192
245,Sallyann,Pilipets,spilipets6s@va.gov,Bigender,123.191.229.77
246,Susannah,Hughf,shughf6t@businessweek.com,Female,2.218.35.113
247,Dode,Wanjek,dwanjek6u@webs.com,Female,122.236.241.130
248,Bradney,Jupp,bjupp6v@ed.gov,Non-binary,192.5.9.254
249,Leta,Davydychev,ldavydychev6w@businessweek.com,Bigender,71.154.93.184
250,Jori,Hawyes,jhawyes6x@berkeley.edu,Female,25.253.221.229
251,Odell,Ledram,oledram6y@lulu.com,Male,45.160.104.232
252,Cy,Franek,cfranek6z@wix.com,Male,228.248.110.98
253,Kinny,Munks,kmunks70@patch.com,Male,54.146.40.216
254,Valle,Seagood,vseagood71@jiathis.com,Male,131.72.45.203
255,Jennilee,Older,jolder72@soup.io,Polygender,73.206.104.81
256,Camel,Maymand,cmaymand73@goo.gl,Female,33.165.178.110
257,Bail,Corrin,bcorrin74@behance.net,Male,17.141.216.83
258,Bonnie,Barwell,bbarwell75@ezinearticles.com,Female,224.78.88.130
259,Charlie,Le Brum,clebrum76@freewebs.com,Male,1.28.128.110
260,Kennan,Pateman,kpateman77@wikia.com,Polygender,212.9.200.44
261,Charyl,Brookwell,cbrookwell78@twitter.com,Female,114.242.144.240
262,Clarice,Hatter,chatter79@ucoz.com,Female,235.169.195.17
263,Dynah,Attridge,dattridge7a@macromedia.com,Non-binary,22.249.226.175
264,Gregoire,O'Crevan,gocrevan7b@oakley.com,Male,18.168.76.54
265,Kassia,Goublier,kgoublier7c@macromedia.com,Female,206.56.173.115
266,Terri,Gouge,tgouge7d@amazon.co.jp,Male,192.92.231.0
267,Alvan,MacQuarrie,amacquarrie7e@tmall.com,Male,29.206.250.75
268,Sybila,Tutchener,stutchener7f@illinois.edu,Female,67.84.175.123
269,Eamon,Bienvenu,ebienvenu7g@hud.gov,Male,29.80.223.55
270,Melisent,Shier,mshier7h@flickr.com,Female,136.172.249.183
271,Mason,Affron,maffron7i@canalblog.com,Polygender,101.10.168.188
272,Huntington,Sieghard,hsieghard7j@ebay.co.uk,Male,75.8.255.4
273,Normand,Arkow,narkow7k@tiny.cc,Male,251.247.178.250
274,Haily,Coggon,hcoggon7l@vistaprint.com,Genderqueer,243.99.189.63
275,Lynne,Connerry,lconnerry7m@ning.com,Female,94.128.231.177
276,Elston,Amy,eamy7n@cam.ac.uk,Male,40.234.229.244
277,Petronia,Brugman,pbrugman7o@smh.com.au,Female,24.188.150.58
278,Emlen,Tuckey,etuckey7p@wikia.com,Male,79.67.111.170
279,Jermain,Bilverstone,jbilverstone7q@elegantthemes.com,Male,1.136.126.135
280,Janey,Gladdish,jgladdish7r@hhs.gov,Female,237.103.27.185
281,Graham,Havill,ghavill7s@reuters.com,Male,166.154.153.142
282,Luce,Leatt,lleatt7t@macromedia.com,Male,175.142.179.219
283,Carmela,Alyutin,calyutin7u@quantcast.com,Female,65.159.196.104
284,Bobbee,Youle,byoule7v@dyndns.org,Agender,216.171.1.77
285,Audrye,Jantot,ajantot7w@mit.edu,Female,86.232.12.188
286,Gregoire,Hawes,ghawes7x@cloudflare.com,Genderfluid,214.170.208.228
287,Agosto,Logan,alogan7y@nba.com,Male,198.11.61.231
288,Herc,Derks,hderks7z@oaic.gov.au,Male,175.161.100.172
289,Sabrina,Casero,scasero80@examiner.com,Female,81.55.162.143
290,Fergus,Dulany,fdulany81@com.com,Male,34.43.91.146
291,Etta,Swiggs,eswiggs82@tumblr.com,Female,156.37.16.180
292,Tommie,Pregal,tpregal83@army.mil,Female,161.248.192.96
293,Reta,Sleet,rsleet84@51.la,Female,227.162.174.30
294,Felix,Dansken,fdansken85@vkontakte.ru,Male,72.195.118.129
295,Moira,Thoma,mthoma86@japanpost.jp,Female,94.49.159.131
296,Teddy,Carloni,tcarloni87@360.cn,Male,120.127.241.192
297,Estella,Crouch,ecrouch88@stanford.edu,Female,106.27.232.200
298,Chilton,Croall,ccroall89@census.gov,Male,61.197.142.18
299,Krissie,Liven,kliven8a@istockphoto.com,Female,9.220.163.115
300,Rania,Adamovsky,radamovsky8b@theguardian.com,Female,136.148.195.44
301,Terrill,Lightewood,tlightewood8c@behance.net,Male,63.47.125.137
302,Brandyn,Sever,bsever8d@a8.net,Male,38.251.151.134
303,Jay,Grinyer,jgrinyer8e@alibaba.com,Male,20.98.4.99
304,My,Culvey,mculvey8f@scribd.com,Male,26.65.24.35
305,Alika,Ravenscroftt,aravenscroftt8g@google.pl,Female,170.66.246.154
306,Waldo,Lofty,wlofty8h@shop-pro.jp,Male,15.180.153.56
307,Domini,Scates,dscates8i@amazon.de,Female,98.67.166.128
308,Stevie,Creane,screane8j@miibeian.gov.cn,Male,255.224.190.109
309,Hammad,Pallis,hpallis8k@shareasale.com,Male,101.54.63.51
310,Bearnard,Callar,bcallar8l@reverbnation.com,Male,70.124.3.37
311,Keith,Bengochea,kbengochea8m@simplemachines.org,Male,91.100.153.150
312,Krista,Tollerfield,ktollerfield8n@ted.com,Female,210.155.137.195
313,Franny,De Laspee,fdelaspee8o@360.cn,Male,99.152.105.223
314,Olvan,Boc,oboc8p@ehow.com,Male,255.81.53.185
315,Roxana,MacKenney,rmackenney8q@fotki.com,Bigender,90.118.8.59
316,Zorah,Ritchman,zritchman8r@parallels.com,Female,207.209.209.232
317,Malvin,Franzotto,mfranzotto8s@digg.com,Male,101.55.123.74
318,Keefe,Vakhlov,kvakhlov8t@examiner.com,Male,224.42.166.212
319,Carmine,Matten,cmatten8u@smh.com.au,Male,92.22.153.142
320,Jessica,Stonebanks,jstonebanks8v@cnn.com,Female,11.116.75.137
321,Alisha,Ewells,aewells8w@storify.com,Female,13.112.95.255
322,Rusty,Tabourier,rtabourier8x@adobe.com,Male,72.45.33.198
323,Joel,Warrier,jwarrier8y@nps.gov,Male,223.108.171.9
324,Sadella,Capelow,scapelow8z@arstechnica.com,Non-binary,102.156.153.166
325,Derward,Ruddiforth,druddiforth90@huffingtonpost.com,Male,239.173.82.246
326,Sarine,Arnal,sarnal91@artisteer.com,Female,182.49.248.79
327,Shelby,Curl,scurl92@de.vu,Female,200.35.102.184
328,Roxine,Papaminas,rpapaminas93@privacy.gov.au,Female,250.101.12.151
329,Wenda,Giorgielli,wgiorgielli94@i2i.jp,Female,28.121.217.145
330,Orelie,Monery,omonery95@posterous.com,Female,194.136.161.205
331,Jolyn,Gorner,jgorner96@independent.co.uk,Female,13.59.240.96
332,Tracie,MacAfee,tmacafee97@nsw.gov.au,Male,11.203.178.193
333,Cross,Prescote,cprescote98@berkeley.edu,Male,86.239.117.119
334,Mayer,Middup,mmiddup99@loc.gov,Male,41.200.66.65
335,Ossie,Fugere,ofugere9a@fema.gov,Male,74.36.71.209
336,Alvie,Brittain,abrittain9b@xrea.com,Male,35.130.106.52
337,Ambrose,Robe,arobe9c@oakley.com,Male,31.237.107.226
338,Emlen,Normanton,enormanton9d@baidu.com,Male,174.18.190.43
339,Kellyann,De la Feld,kdelafeld9e@example.com,Female,2.252.146.176
340,Daniella,Braizier,dbraizier9f@europa.eu,Female,235.137.130.48
341,Anatole,Ceschi,aceschi9g@feedburner.com,Male,180.111.151.209
342,Giana,Birkin,gbirkin9h@creativecommons.org,Polygender,62.164.146.15
343,Keane,Standeven,kstandeven9i@eventbrite.com,Male,120.31.8.200
344,Emlyn,Sales,esales9j@example.com,Female,26.241.176.151
345,Melantha,Toseland,mtoseland9k@newsvine.com,Female,37.75.195.18
346,Rosemaria,Sneezem,rsneezem9l@yahoo.com,Female,235.211.11.234
347,Aeriell,Padberry,apadberry9m@wired.com,Female,186.235.222.135
348,Daryn,Tandey,dtandey9n@ning.com,Agender,128.136.99.87
349,Verile,Kenford,vkenford9o@loc.gov,Polygender,189.132.128.254
350,Elene,Skone,eskone9p@csmonitor.com,Female,183.27.246.166
351,Brandyn,Clue,bclue9q@is.gd,Male,98.104.16.78
352,Aharon,Castaignet,acastaignet9r@slideshare.net,Male,216.137.236.89
353,Isidore,Kidder,ikidder9s@google.com.au,Male,183.133.252.93
354,Cheston,Sutherden,csutherden9t@ft.com,Male,90.225.172.174
355,Drugi,Huntriss,dhuntriss9u@google.de,Male,24.67.35.167
356,Hettie,Wheelhouse,hwheelhouse9v@bbc.co.uk,Female,150.180.76.101
357,Carroll,Foucar,cfoucar9w@aboutads.info,Male,104.219.154.108
358,Modesta,Capnor,mcapnor9x@dagondesign.com,Female,163.193.106.84
359,Angelica,Hurles,ahurles9y@wired.com,Female,176.107.151.244
360,Meaghan,Hefforde,mhefforde9z@qq.com,Female,2.213.63.145
361,Sybille,Undrill,sundrilla0@census.gov,Female,174.173.204.59
362,Elsie,Henri,ehenria1@ebay.co.uk,Female,158.47.74.216
363,Jere,Jiggen,jjiggena2@jimdo.com,Non-binary,46.9.55.101
364,Milt,Wybrow,mwybrowa3@privacy.gov.au,Male,203.6.180.185
365,Karl,Skidmore,kskidmorea4@bizjournals.com,Male,169.2.102.12
366,Ahmad,Crush,acrusha5@cmu.edu,Male,28.14.62.172
367,Ulrikaumeko,Renney,urenneya6@t-online.de,Female,128.20.116.8
368,Elfrieda,Waterfall,ewaterfalla7@examiner.com,Female,227.68.67.161
369,Daffy,Gottschalk,dgottschalka8@blogs.com,Female,116.206.115.168
370,Donn,Harriskine,dharriskinea9@cbslocal.com,Male,162.64.40.127
371,Murielle,Kupke,mkupkeaa@printfriendly.com,Female,197.154.113.249
372,Ortensia,Burwell,oburwellab@japanpost.jp,Female,198.120.232.149
373,Jacquetta,Crim,jcrimac@biglobe.ne.jp,Female,218.185.245.122
374,Iorgos,Dogerty,idogertyad@freewebs.com,Male,184.134.156.221
375,Fin,Ilden,fildenae@feedburner.com,Male,150.119.65.117
376,Jamal,Wrintmore,jwrintmoreaf@biglobe.ne.jp,Male,72.183.146.219
377,Egan,MacLennan,emaclennanag@mozilla.com,Male,18.40.110.106
378,Ignaz,Bundey,ibundeyah@bandcamp.com,Male,197.239.205.245
379,Baxy,Matthews,bmatthewsai@fda.gov,Male,68.30.81.184
380,Camellia,Sharples,csharplesaj@eventbrite.com,Female,179.205.83.150
381,Caddric,Hugueville,chuguevilleak@bbc.co.uk,Male,178.238.144.110
382,Ellerey,Byard,ebyardal@4shared.com,Male,18.28.4.2
383,Pearce,Gillies,pgilliesam@sphinn.com,Genderqueer,110.177.162.152
384,Mollee,Jossum,mjossuman@github.com,Female,156.18.115.84
385,Ashely,Gordge,agordgeao@youtube.com,Female,109.51.132.125
386,Hadria,Hirschmann,hhirschmannap@mail.ru,Female,173.87.220.70
387,Noby,Carlin,ncarlinaq@nifty.com,Male,144.66.222.70
388,Kristyn,Havelin,khavelinar@themeforest.net,Female,58.172.172.157
389,Lorena,Santry,lsantryas@ask.com,Female,119.195.254.211
390,Muffin,Bome,mbomeat@about.me,Genderqueer,24.105.200.112
391,Collette,Went,cwentau@stanford.edu,Female,50.184.173.6
392,Delcine,Lago,dlagoav@illinois.edu,Female,213.115.188.101
393,Lew,Dalliston,ldallistonaw@feedburner.com,Male,216.209.130.227
394,Stephani,Laker,slakerax@cdc.gov,Female,18.105.93.186
395,Wanids,Giacopini,wgiacopiniay@businessweek.com,Female,16.61.56.217
396,Minnie,Korda,mkordaaz@newsvine.com,Female,111.144.96.120
397,Verna,Thacke,vthackeb0@adobe.com,Female,213.51.169.100
398,Joseito,Stittle,jstittleb1@pcworld.com,Male,207.218.81.168
399,Gabie,Fullun,gfullunb2@java.com,Male,63.62.15.162
400,Kaitlin,Imort,kimortb3@google.ca,Female,104.190.236.84
401,Ali,Cossor,acossorb4@rambler.ru,Male,240.97.68.52
402,Ransom,Widger,rwidgerb5@nytimes.com,Male,129.163.229.203
403,Luis,Alenin,laleninb6@unc.edu,Male,145.239.101.71
404,Cassandra,Mulran,cmulranb7@seattletimes.com,Non-binary,255.1.148.188
405,Sigrid,Osgar,sosgarb8@usgs.gov,Female,148.221.67.254
406,Hildagard,Parham,hparhamb9@vinaora.com,Female,207.140.193.122
407,Kai,Koschke,kkoschkeba@hexun.com,Female,84.33.89.126
408,Huntley,Girdler,hgirdlerbb@plala.or.jp,Male,78.179.82.69
409,Robinet,Gowdie,rgowdiebc@canalblog.com,Male,167.182.200.160
410,Dorotea,Preston,dprestonbd@github.com,Female,84.96.96.2
411,Elvina,Purves,epurvesbe@boston.com,Female,246.173.25.70
412,Shepperd,Wigfield,swigfieldbf@blinklist.com,Male,165.64.147.9
413,Danielle,Kirsop,dkirsopbg@psu.edu,Female,35.244.124.248
414,Ulric,Clemerson,uclemersonbh@so-net.ne.jp,Male,183.48.65.144
415,Egor,Studdal,estuddalbi@people.com.cn,Male,127.55.244.232
416,Hyacinthie,Aldwinckle,haldwincklebj@thetimes.co.uk,Female,17.175.68.81
417,Madella,Mapstone,mmapstonebk@ustream.tv,Female,173.195.16.233
418,Webster,Brydon,wbrydonbl@oakley.com,Male,140.162.204.248
419,Goldie,Vinden,gvindenbm@elpais.com,Female,208.172.152.155
420,Gerti,Monsey,gmonseybn@comcast.net,Female,245.145.80.191
421,Frans,Christene,fchristenebo@privacy.gov.au,Male,185.38.142.34
422,Gino,Andreini,gandreinibp@ezinearticles.com,Polygender,130.59.59.235
423,Fulton,Clint,fclintbq@senate.gov,Male,185.64.212.198
424,Bartholomeo,Lowe,blowebr@123-reg.co.uk,Male,165.207.133.22
425,Chrysa,Tomaschke,ctomaschkebs@about.com,Female,230.76.248.249
426,Cathrin,Marzellano,cmarzellanobt@ucoz.com,Genderfluid,189.138.183.146
427,Chadwick,Beazey,cbeazeybu@google.es,Male,134.220.166.38
428,Ferdie,Cleiment,fcleimentbv@networksolutions.com,Male,97.149.38.180
429,Kesley,Bacon,kbaconbw@nature.com,Female,5.79.19.60
430,Selig,Wheadon,swheadonbx@constantcontact.com,Male,208.75.172.179
431,Morganica,Abramcik,mabramcikby@google.ca,Female,163.23.171.74
432,Marnia,Rasch,mraschbz@answers.com,Non-binary,46.72.109.48
433,Belicia,Durbann,bdurbannc0@dailymotion.com,Female,169.43.101.54
434,Callida,Glewe,cglewec1@mac.com,Female,205.201.66.87
435,Cyndy,Lowseley,clowseleyc2@discovery.com,Female,69.143.220.157
436,Herman,Pudsall,hpudsallc3@skyrock.com,Male,73.108.20.60
437,Bay,Cossons,bcossonsc4@oakley.com,Male,188.52.240.203
438,Maribel,Swapp,mswappc5@facebook.com,Female,210.37.207.201
439,Reider,Varker,rvarkerc6@163.com,Male,12.181.66.253
440,Vito,Thake,vthakec7@apple.com,Male,210.33.120.242
441,Armin,Dulen,adulenc8@spotify.com,Male,24.186.9.101
442,Julian,Millions,jmillionsc9@ebay.co.uk,Male,57.106.12.224
443,Denys,Richford,drichfordca@time.com,Female,179.48.118.220
444,Annamarie,Hedley,ahedleycb@ft.com,Female,73.36.253.125
445,Koenraad,Baltrushaitis,kbaltrushaitiscc@apache.org,Male,130.161.23.156
446,Therese,Tomasino,ttomasinocd@go.com,Female,219.185.181.131
447,Griffy,Nelthorpe,gnelthorpece@hhs.gov,Male,195.180.60.208
448,Carlita,Haquard,chaquardcf@comsenz.com,Female,144.139.168.162
449,Hubey,Yeoland,hyeolandcg@usnews.com,Male,55.78.52.128
450,Emmett,Coy,ecoych@opera.com,Male,142.132.150.242
451,Daffy,O'Lehane,dolehaneci@123-reg.co.uk,Female,233.11.1.183
452,Elbertina,Spurrier,espurriercj@google.com.br,Female,125.140.97.235
453,Symon,Sheran,ssheranck@people.com.cn,Male,133.194.155.15
454,Gilbert,Ayton,gaytoncl@seattletimes.com,Male,93.132.65.139
455,Marchall,Demelt,mdemeltcm@so-net.ne.jp,Male,112.93.146.86
456,Letta,Evesque,levesquecn@unblog.fr,Female,141.46.223.255
457,Chadd,Gusticke,cgustickeco@independent.co.uk,Male,7.181.198.140
458,Diena,Pickance,dpickancecp@goo.gl,Female,236.70.178.233
459,Ludwig,Birt,lbirtcq@chronoengine.com,Male,164.47.182.65
460,Dory,Olyunin,dolyunincr@deviantart.com,Male,54.102.3.225
461,Leonie,Vella,lvellacs@eepurl.com,Agender,189.92.52.172
462,Mikol,Pawsey,mpawseyct@oracle.com,Male,219.140.68.221
463,Berky,Mandres,bmandrescu@microsoft.com,Male,175.58.221.113
464,Michaelina,Caswall,mcaswallcv@friendfeed.com,Female,128.0.4.194
465,Clarke,Anderson,candersoncw@uiuc.edu,Male,112.24.227.155
466,Morgana,Learmonth,mlearmonthcx@discuz.net,Female,100.60.112.231
467,Tana,Lorand,tlorandcy@behance.net,Female,100.154.103.102
468,Johny,Puckey,jpuckeycz@last.fm,Male,147.149.214.77
469,Hewie,Willoughby,hwilloughbyd0@craigslist.org,Male,84.186.36.218
470,Patsy,Hoonahan,phoonahand1@google.pl,Male,73.229.138.208
471,Vevay,Ericsson,vericssond2@booking.com,Female,49.134.142.5
472,Anabelle,Samms,asammsd3@instagram.com,Female,187.65.114.169
473,Marius,Hurton,mhurtond4@cbc.ca,Male,19.47.109.100
474,Thoma,Muller,tmullerd5@theguardian.com,Male,225.197.48.83
475,Idaline,Beurich,ibeurichd6@xinhuanet.com,Female,88.19.22.89
476,Brit,Chippin,bchippind7@examiner.com,Male,32.85.88.81
477,Minny,Sibbs,msibbsd8@jalbum.net,Female,216.230.135.151
478,Windy,Kitcher,wkitcherd9@java.com,Female,68.76.162.122
479,Scotti,Noton,snotonda@yahoo.com,Male,1.177.105.204
480,Antonella,Crozier,acrozierdb@privacy.gov.au,Female,11.24.60.167
481,Tabor,O'Donoghue,todonoghuedc@topsy.com,Non-binary,168.131.118.166
482,Victoir,Fullerton,vfullertondd@auda.org.au,Male,238.109.213.56
483,Vannie,Uden,vudende@loc.gov,Female,30.241.108.93
484,Nikolaus,Gasnell,ngasnelldf@gravatar.com,Non-binary,22.118.187.153
485,Murry,Linford,mlinforddg@comcast.net,Male,202.122.139.146
486,Mirelle,Cranefield,mcranefielddh@wp.com,Female,243.252.104.231
487,Conrado,Snipe,csnipedi@google.ca,Male,222.14.89.6
488,Terrijo,McCaffery,tmccafferydj@taobao.com,Female,80.237.164.68
489,Luise,Sowood,lsowooddk@uol.com.br,Polygender,71.12.69.54
490,Pavia,Goricke,pgorickedl@ow.ly,Female,141.223.147.141
491,Matthieu,Pachta,mpachtadm@ebay.com,Male,170.64.44.146
492,Cristie,Trythall,ctrythalldn@goo.gl,Female,95.27.68.44
493,Kiri,Brace,kbracedo@soup.io,Female,94.215.18.208
494,Sebastiano,Richie,srichiedp@trellian.com,Male,124.205.246.52
495,Conney,Ommanney,commanneydq@meetup.com,Male,214.194.210.200
496,Prinz,Crampton,pcramptondr@webs.com,Male,237.76.31.4
497,Nathanial,Farrer,nfarrerds@earthlink.net,Male,134.26.40.55
498,Neddy,O'Cullinane,nocullinanedt@jimdo.com,Male,124.24.170.210
499,Ilario,O'Cannavan,iocannavandu@ask.com,Male,86.189.205.83
500,Dugald,Langthorne,dlangthornedv@state.tx.us,Male,233.160.91.40
501,Pren,Towersey,ptowerseydw@trellian.com,Male,254.2.77.255
502,Marylynne,Biasioli,mbiasiolidx@yandex.ru,Female,18.39.233.160
503,Nissie,Beaudry,nbeaudrydy@cbslocal.com,Female,79.230.180.43
504,Monica,Reina,mreinadz@gravatar.com,Female,238.87.135.166
505,Chanda,Southorn,csouthorne0@bigcartel.com,Female,73.201.102.13
506,Abdel,Strowan,astrowane1@npr.org,Male,113.141.205.171
507,Theodosia,Ewan,tewane2@va.gov,Female,155.182.195.168
508,Sula,Vaux,svauxe3@abc.net.au,Female,110.15.61.58
509,Dun,Tibb,dtibbe4@free.fr,Male,232.170.139.14
510,Zackariah,Erett,zerette5@google.nl,Male,24.202.18.77
511,Neysa,Pember,npembere6@google.it,Female,27.183.45.128
512,Ailene,Blackwood,ablackwoode7@example.com,Female,153.86.37.9
513,Bunnie,Rothon,brothone8@list-manage.com,Female,168.147.41.70
514,Papagena,Chatainier,pchatainiere9@oaic.gov.au,Female,98.233.203.106
515,Ellsworth,Bachnic,ebachnicea@fastcompany.com,Male,191.231.47.121
516,Flynn,Styles,fstyleseb@skyrock.com,Male,242.161.189.126
517,Korella,Farmer,kfarmerec@blogs.com,Bigender,136.92.249.172
518,Bibbie,Hatrick,bhatricked@google.nl,Female,165.100.31.92
519,Portia,Dradey,pdradeyee@mashable.com,Female,86.207.22.190
520,Georgena,Dalling,gdallingef@oracle.com,Female,171.108.117.5
521,Clevey,Olsson,colssoneg@wired.com,Male,193.80.200.215
522,Tiena,Matyukon,tmatyukoneh@stanford.edu,Genderqueer,180.207.43.99
523,Marice,Atterbury,matterburyei@drupal.org,Female,0.198.171.64
524,Mabelle,Faragan,mfaraganej@ebay.co.uk,Female,93.167.138.113
525,Angelina,Lowy,alowyek@npr.org,Female,144.146.25.232
526,Karilynn,Paireman,kpairemanel@live.com,Female,66.215.0.111
527,Dorelia,Laneham,dlanehamem@t.co,Female,218.115.110.162
528,Dallon,Godlee,dgodleeen@imageshack.us,Male,241.65.194.51
529,Karla,Ferry,kferryeo@mysql.com,Female,125.113.149.24
530,Alf,Sheers,asheersep@hexun.com,Male,183.36.31.220
531,Jessee,Marzello,jmarzelloeq@boston.com,Male,93.59.5.61
532,Rabi,Eagar,reagarer@unicef.org,Male,147.143.39.127
533,Jsandye,Purvey,jpurveyes@google.es,Genderfluid,161.59.55.182
534,Aron,Duddin,aduddinet@psu.edu,Male,228.205.78.220
535,Sollie,Sinncock,ssinncockeu@marriott.com,Male,183.50.235.171
536,Merrili,Fawthorpe,mfawthorpeev@t.co,Female,136.36.101.219
537,Eal,Doole,edooleew@delicious.com,Male,41.27.42.210
538,Klarrisa,Arnaudon,karnaudonex@un.org,Female,2.80.170.33
539,Jandy,Rudolf,jrudolfey@edublogs.org,Female,235.255.253.62
540,Lorianne,Peploe,lpeploeez@va.gov,Female,169.189.162.81
541,Wanda,Vedmore,wvedmoref0@ucoz.ru,Female,240.4.167.32
542,Tuckie,Tinman,ttinmanf1@php.net,Male,172.247.207.45
543,Tomaso,Hrinishin,thrinishinf2@hibu.com,Male,184.183.43.48
544,Mackenzie,Tickel,mtickelf3@dedecms.com,Male,106.19.76.231
545,Tremayne,Bacon,tbaconf4@oakley.com,Male,39.250.56.222
546,Matt,Thackeray,mthackerayf5@cbslocal.com,Male,224.75.81.102
547,Romola,Spino,rspinof6@nymag.com,Female,101.35.81.15
548,Ambrosio,Rhead,arheadf7@npr.org,Male,71.109.230.61
549,Colene,Duffitt,cduffittf8@canalblog.com,Female,123.118.156.101
550,Rosetta,Doohan,rdoohanf9@newyorker.com,Bigender,173.241.111.196
551,Ruperta,Brimming,rbrimmingfa@trellian.com,Female,148.168.177.167
552,Shayne,Bruckner,sbrucknerfb@networkadvertising.org,Male,72.141.239.96
553,Bill,Spandley,bspandleyfc@etsy.com,Male,198.240.42.83
554,Constantine,Lezemore,clezemorefd@rambler.ru,Male,24.139.177.246
555,Nikolos,Mahon,nmahonfe@yahoo.co.jp,Male,145.180.60.101
556,Luther,Pollastro,lpollastroff@jigsy.com,Male,61.10.162.39
557,Keelby,Mouncey,kmounceyfg@flickr.com,Male,218.185.81.85
558,Derril,Caffrey,dcaffreyfh@vk.com,Male,162.233.153.38
559,Merle,Legister,mlegisterfi@cdc.gov,Male,210.158.229.137
560,Jaye,Bernon,jbernonfj@hatena.ne.jp,Male,51.247.111.237
561,Adriana,Goford,agofordfk@quantcast.com,Female,7.255.208.177
562,Cece,Alenov,calenovfl@cargocollective.com,Male,227.43.205.67
563,Evelin,Pow,epowfm@redcross.org,Male,178.25.146.147
564,Babette,Allingham,ballinghamfn@si.edu,Female,118.170.248.254
565,Dame,Schruurs,dschruursfo@trellian.com,Male,25.76.193.243
566,Cherin,Lansly,clanslyfp@lycos.com,Non-binary,77.12.205.141
567,Granville,Cage,gcagefq@w3.org,Male,80.213.0.171
568,Candie,Tunstall,ctunstallfr@dagondesign.com,Female,113.35.123.202
569,Blinni,Winslet,bwinsletfs@sina.com.cn,Female,113.31.99.244
570,Philbert,McLuckie,pmcluckieft@icio.us,Male,132.51.203.87
571,Zebulen,Guillard,zguillardfu@nymag.com,Male,114.12.32.0
572,Kora,Siviter,ksiviterfv@salon.com,Female,150.53.26.111
573,Rachelle,Girodier,rgirodierfw@earthlink.net,Non-binary,182.210.221.182
574,Cloris,Hinz,chinzfx@japanpost.jp,Female,228.111.161.104
575,Shanna,Tilsley,stilsleyfy@techcrunch.com,Female,233.167.58.5
576,Thorin,Zoephel,tzoephelfz@meetup.com,Male,223.243.50.136
577,Catarina,Olivetti,colivettig0@soundcloud.com,Female,124.20.228.13
578,Pammie,Pickavant,ppickavantg1@nyu.edu,Female,207.228.193.251
579,Bronnie,Plumridge,bplumridgeg2@geocities.com,Male,52.155.31.140
580,Jessika,Grund,jgrundg3@redcross.org,Female,97.186.245.154
581,Carmelle,O'Meara,comearag4@arizona.edu,Female,126.131.232.84
582,Audry,Dorling,adorlingg5@vinaora.com,Female,153.33.52.171
583,Heida,MacGiolla,hmacgiollag6@ifeng.com,Female,74.109.126.68
584,Hadlee,Bullers,hbullersg7@1und1.de,Male,225.169.40.3
585,Allie,Michelle,amichelleg8@loc.gov,Male,24.37.26.208
586,Jeniffer,Brion,jbriong9@weather.com,Female,64.86.217.192
587,Analiese,Irvin,airvinga@mail.ru,Female,167.45.175.138
588,Aurthur,Treanor,atreanorgb@oakley.com,Male,15.218.154.226
589,Taddeusz,Rochell,trochellgc@etsy.com,Male,159.11.109.105
590,Lyn,Summergill,lsummergillgd@tmall.com,Female,255.241.145.209
591,Gwenora,De la Feld,gdelafeldge@github.com,Female,52.180.115.145
592,Gerta,Leidecker,gleideckergf@artisteer.com,Female,148.194.27.42
593,Chas,Weal,cwealgg@europa.eu,Polygender,94.85.77.6
594,Karee,Troubridge,ktroubridgegh@arstechnica.com,Female,199.176.38.92
595,Gustavus,Tallow,gtallowgi@apple.com,Male,3.83.103.235
596,Napoleon,Philippeaux,nphilippeauxgj@facebook.com,Male,89.243.148.77
597,Inglis,Prate,iprategk@furl.net,Male,206.124.21.142
598,Dulci,Bukac,dbukacgl@webs.com,Female,175.11.148.137
599,Riannon,Smallman,rsmallmangm@blogger.com,Female,227.89.176.99
600,Maggi,Arber,marbergn@wisc.edu,Female,157.213.137.141
601,Horatius,Boow,hboowgo@smugmug.com,Male,202.47.11.61
602,Margy,Bidder,mbiddergp@google.it,Female,44.216.53.63
603,Beau,Coolahan,bcoolahangq@cargocollective.com,Male,94.247.188.255
604,Saudra,Clausner,sclausnergr@si.edu,Polygender,56.208.113.78
605,Rockwell,Smaile,rsmailegs@cornell.edu,Male,133.112.248.128
606,Norrie,Paddingdon,npaddingdongt@cisco.com,Agender,132.207.35.240
607,Tod,Daveley,tdaveleygu@sciencedaily.com,Non-binary,22.18.212.93
608,Bill,Nickels,bnickelsgv@eventbrite.com,Genderfluid,117.56.196.130
609,Maury,Atyea,matyeagw@wikispaces.com,Male,150.198.74.8
610,Bing,Galler,bgallergx@oakley.com,Male,24.236.232.179
611,Laetitia,Collibear,lcollibeargy@oaic.gov.au,Female,154.170.233.79
612,Royal,Tranckle,rtrancklegz@ameblo.jp,Male,248.170.133.164
613,Wally,Swanston,wswanstonh0@nyu.edu,Polygender,176.13.142.157
614,Eryn,Petrescu,epetrescuh1@hexun.com,Female,208.174.193.220
615,Friederike,Van Son,fvansonh2@prnewswire.com,Female,146.206.214.63
616,Tabbatha,Gillhespy,tgillhespyh3@list-manage.com,Non-binary,14.43.99.90
617,Arron,Quye,aquyeh4@unc.edu,Male,151.207.133.11
618,Melisandra,Bester,mbesterh5@printfriendly.com,Female,18.197.99.19
619,Nat,Giannasi,ngiannasih6@vkontakte.ru,Male,156.163.182.198
620,Guillemette,Kemish,gkemishh7@yahoo.co.jp,Female,131.253.134.12
621,Hetty,McKernan,hmckernanh8@businessweek.com,Female,108.253.1.212
622,Rhody,Vigneron,rvigneronh9@fastcompany.com,Female,11.217.129.225
623,Hogan,Maw,hmawha@networkadvertising.org,Male,188.196.197.200
624,Franzen,Leare,flearehb@behance.net,Male,122.18.229.54
625,Danyette,Crosher,dcrosherhc@yolasite.com,Female,241.21.202.159
626,Kort,Parnall,kparnallhd@taobao.com,Male,221.42.87.227
627,Modesta,Nand,mnandhe@chronoengine.com,Genderfluid,59.213.154.128
628,Marta,Lovell,mlovellhf@pbs.org,Female,134.29.35.35
629,Shermy,Benit,sbenithg@wunderground.com,Male,186.89.166.79
630,Hermon,Loftus,hloftushh@google.com.hk,Male,63.25.175.215
631,Welbie,Lamboll,wlambollhi@4shared.com,Male,158.32.76.31
632,Josiah,Jonsson,jjonssonhj@marketwatch.com,Male,35.228.30.73
633,Wyatan,Danhel,wdanhelhk@unc.edu,Male,23.203.224.78
634,Beverly,Ridgewell,bridgewellhl@cnet.com,Female,120.120.102.72
635,Lin,Phythean,lphytheanhm@issuu.com,Female,47.132.61.199
636,Auroora,De la Eglise,adelaeglisehn@dailymotion.com,Female,69.198.217.227
637,Kenyon,Poulden,kpouldenho@abc.net.au,Male,200.229.180.197
638,Paulina,Brabin,pbrabinhp@ezinearticles.com,Female,199.211.51.100
639,Dorri,Loukes,dloukeshq@wired.com,Female,49.234.181.61
640,Worthington,McKibben,wmckibbenhr@sakura.ne.jp,Male,140.40.183.2
641,Hilliary,Mason,hmasonhs@storify.com,Female,142.66.116.233
642,Donny,Lippini,dlippiniht@posterous.com,Male,98.103.53.107
643,Alida,Smoote,asmootehu@example.com,Female,167.62.4.55
644,Fred,Kernar,fkernarhv@sciencedirect.com,Male,135.195.6.18
645,Alix,Shillito,ashillitohw@twitpic.com,Female,22.126.120.242
646,Jo ann,Jepps,jjeppshx@scribd.com,Female,72.60.137.23
647,Marcia,Bondy,mbondyhy@issuu.com,Genderfluid,159.163.198.186
648,Thomasin,Pellew,tpellewhz@shop-pro.jp,Female,88.21.95.213
649,Sauncho,Urlin,surlini0@disqus.com,Male,8.149.147.94
650,Malina,Melody,mmelodyi1@cnn.com,Female,25.180.55.93
651,Egbert,Horrod,ehorrodi2@goodreads.com,Male,72.224.60.0
652,Rich,Blackborough,rblackboroughi3@npr.org,Male,168.214.116.101
653,Donal,Timberlake,dtimberlakei4@epa.gov,Male,124.46.53.189
654,Benoit,Zanazzi,bzanazzii5@princeton.edu,Male,97.64.240.226
655,Germayne,Overill,goverilli6@discuz.net,Genderqueer,102.129.243.141
656,Gretal,Goghin,ggoghini7@163.com,Non-binary,36.41.213.17
657,Gunilla,Hext,ghexti8@mozilla.com,Female,187.92.17.237
658,Evey,Muckian,emuckiani9@hc360.com,Female,1.74.105.138
659,Ethelred,Geaves,egeavesia@linkedin.com,Male,160.80.142.223
660,Trumaine,Rubroe,trubroeib@feedburner.com,Male,53.56.36.37
661,Melicent,Jobern,mjobernic@geocities.com,Genderqueer,21.166.147.38
662,Redford,Missenden,rmissendenid@sfgate.com,Male,156.223.0.128
663,Duncan,Knapton,dknaptonie@bravesites.com,Male,137.184.235.156
664,Clemens,Egdale,cegdaleif@blogtalkradio.com,Male,97.208.92.247
665,Ozzie,Glasheen,oglasheenig@phpbb.com,Male,74.56.175.226
666,Darrelle,Ellins,dellinsih@scribd.com,Female,65.159.172.89
667,Marion,Letterick,mletterickii@independent.co.uk,Female,87.80.217.49
668,Marylou,Bibey,mbibeyij@theguardian.com,Female,187.9.175.233
669,Alejandrina,Tourner,atournerik@fema.gov,Female,138.90.137.17
670,Asher,Blaiklock,ablaiklockil@storify.com,Male,32.98.111.174
671,Chrysler,Knowller,cknowllerim@blinklist.com,Female,42.25.184.167
672,Bartholomeus,Sambiedge,bsambiedgein@163.com,Male,82.198.63.54
673,Koren,Landal,klandalio@house.gov,Female,98.218.220.104
674,Henry,Broderick,hbroderickip@w3.org,Male,84.110.142.60
675,Lorry,Ormston,lormstoniq@example.com,Female,3.147.106.64
676,Gherardo,Tonkinson,gtonkinsonir@ucsd.edu,Male,48.108.66.106
677,Irene,Gravestone,igravestoneis@pcworld.com,Female,121.183.44.194
678,Trixy,Nare,tnareit@businesswire.com,Female,70.12.7.202
679,Camel,Mosedall,cmosedalliu@dailymotion.com,Female,17.153.117.18
680,Latashia,Hurne,lhurneiv@typepad.com,Female,3.155.50.1
681,Vladimir,Ganforthe,vganfortheiw@umich.edu,Male,110.237.180.75
682,Bernice,Borell,bborellix@google.com.br,Female,177.74.22.179
683,Mabel,Meanwell,mmeanwelliy@w3.org,Female,7.8.154.117
684,Raddie,Fellman,rfellmaniz@trellian.com,Male,157.99.136.61
685,Sawyer,Ledwich,sledwichj0@smugmug.com,Male,251.106.225.76
686,Caritta,Thickpenny,cthickpennyj1@360.cn,Female,206.51.2.242
687,Arlie,Roelofs,aroelofsj2@soup.io,Female,44.178.141.236
688,Cindelyn,Rames,cramesj3@slashdot.org,Female,91.184.181.159
689,Joella,Luetkemeyer,jluetkemeyerj4@nyu.edu,Female,117.168.103.76
690,Lalo,Baldry,lbaldryj5@delicious.com,Male,62.39.19.255
691,Skip,Tong,stongj6@hugedomains.com,Male,131.149.61.52
692,Thorny,Cubbinelli,tcubbinellij7@digg.com,Male,191.5.68.235
693,Cletus,Spittall,cspittallj8@nydailynews.com,Male,32.221.27.101
694,Guy,Bosden,gbosdenj9@hubpages.com,Male,237.232.200.151
695,Adams,Braune,abrauneja@washington.edu,Male,65.231.226.255
696,Shaughn,Lile,slilejb@cloudflare.com,Male,199.246.168.14
697,Enid,Oldred,eoldredjc@1688.com,Female,39.243.47.227
698,Roselle,Colwill,rcolwilljd@fda.gov,Female,11.88.29.171
699,Wolfie,Wessing,wwessingje@blogger.com,Male,60.182.80.130
700,Liesa,Ugoni,lugonijf@noaa.gov,Female,95.188.228.46
701,Odette,Cracknell,ocracknelljg@issuu.com,Polygender,229.223.4.133
702,Prudy,Peret,pperetjh@nationalgeographic.com,Female,35.106.86.135
703,Philomena,Farmer,pfarmerji@moonfruit.com,Female,159.13.131.132
704,Vladimir,Crossan,vcrossanjj@chicagotribune.com,Male,30.136.99.104
705,Lucy,Praundlin,lpraundlinjk@phoca.cz,Bigender,188.51.225.98
706,Giacinta,Skinner,gskinnerjl@pen.io,Female,174.145.113.130
707,Nels,Black,nblackjm@163.com,Male,44.107.254.12
708,Antonino,Innman,ainnmanjn@ovh.net,Male,228.96.75.106
709,Ignatius,Bransgrove,ibransgrovejo@photobucket.com,Male,118.60.53.243
710,Bertrando,Kierans,bkieransjp@globo.com,Male,170.182.58.149
711,Wildon,Syversen,wsyversenjq@homestead.com,Bigender,182.209.216.46
712,Marlon,Cavilla,mcavillajr@nps.gov,Male,213.196.215.120
713,Stefan,Gracewood,sgracewoodjs@devhub.com,Male,132.145.254.129
714,Gaultiero,Scardefield,gscardefieldjt@so-net.ne.jp,Male,56.195.98.151
715,Hillier,Middlewick,hmiddlewickju@tamu.edu,Male,65.245.231.248
716,Rayner,Conlon,rconlonjv@freewebs.com,Male,142.250.84.66
717,Gracie,Osgardby,gosgardbyjw@printfriendly.com,Female,96.60.248.79
718,Kailey,Gurdon,kgurdonjx@163.com,Female,249.58.175.0
719,Essy,Farherty,efarhertyjy@yahoo.com,Female,125.190.151.60
720,Doralin,Lamzed,dlamzedjz@flavors.me,Female,3.62.87.203
721,Joellen,Kenworth,jkenworthk0@ted.com,Female,68.239.218.183
722,Dolores,Thying,dthyingk1@nymag.com,Female,79.143.232.114
723,Janessa,Whyborn,jwhybornk2@sourceforge.net,Female,132.119.253.129
724,Lilah,Goodyear,lgoodyeark3@ftc.gov,Female,163.234.56.231
725,Orelia,Wolfenden,owolfendenk4@un.org,Female,73.148.171.142
726,Trever,Fakes,tfakesk5@seesaa.net,Male,187.28.180.12
727,Venus,Campagne,vcampagnek6@webmd.com,Female,216.57.104.47
728,Doralin,Gaiford,dgaifordk7@wunderground.com,Genderfluid,94.105.44.200
729,Gretna,Lineker,glinekerk8@cbc.ca,Female,137.117.3.161
730,Sigvard,Petticrow,spetticrowk9@vistaprint.com,Male,206.63.118.195
731,Mac,Skipsey,mskipseyka@thetimes.co.uk,Male,239.253.17.148
732,Lay,Dudin,ldudinkb@globo.com,Male,27.103.117.228
733,Velma,Betjeman,vbetjemankc@go.com,Female,194.159.47.228
734,Breanne,Crosthwaite,bcrosthwaitekd@photobucket.com,Female,82.0.107.43
735,Dur,Goodall,dgoodallke@zdnet.com,Male,222.66.80.147
736,Shanna,Lantiffe,slantiffekf@webeden.co.uk,Female,188.194.222.101
737,Oralie,Ludlow,oludlowkg@discuz.net,Female,179.200.100.75
738,Jeniece,Phelipeaux,jphelipeauxkh@discovery.com,Female,125.2.125.242
739,Willie,McKay,wmckayki@businesswire.com,Female,203.53.33.242
740,Conney,Milmoe,cmilmoekj@si.edu,Male,247.78.98.181
741,Liz,Brunon,lbrunonkk@cpanel.net,Female,137.84.32.58
742,Madelon,Sandell,msandellkl@plala.or.jp,Female,191.104.43.15
743,Giorgia,Ninnis,gninniskm@opensource.org,Female,62.145.160.224
744,Rolando,Stokoe,rstokoekn@amazon.com,Agender,105.54.89.194
745,Deny,MacQueen,dmacqueenko@hud.gov,Female,84.164.69.187
746,Had,Stonary,hstonarykp@blogspot.com,Male,227.41.73.139
747,Erv,Wehner,ewehnerkq@diigo.com,Male,230.201.39.172
748,Beatriz,Obington,bobingtonkr@narod.ru,Female,235.52.35.214
749,Kim,Grasha,kgrashaks@ftc.gov,Male,121.211.23.121
750,Sauveur,Cordier,scordierkt@reverbnation.com,Male,83.188.66.60
751,Laure,Perutto,lperuttoku@so-net.ne.jp,Female,162.114.187.189
752,Archibold,Venn,avennkv@cocolog-nifty.com,Male,173.163.108.153
753,Wait,Wodeland,wwodelandkw@google.es,Male,233.22.182.231
754,Tynan,Stutt,tstuttkx@ft.com,Male,244.168.69.205
755,Johnny,Skune,jskuneky@sohu.com,Male,190.182.201.208
756,Ardella,Caddies,acaddieskz@sphinn.com,Female,3.207.196.18
757,Grete,Goulstone,ggoulstonel0@github.com,Female,78.182.71.104
758,Margaux,Spalton,mspaltonl1@si.edu,Female,151.94.113.175
759,Alisa,Reichardt,areichardtl2@list-manage.com,Female,156.84.112.6
760,Ettie,Chason,echasonl3@list-manage.com,Female,119.207.113.153
761,Veriee,Rouke,vroukel4@psu.edu,Female,210.31.43.195
762,Melania,Cominetti,mcominettil5@sitemeter.com,Female,229.11.144.224
763,Bord,Blick,bblickl6@lycos.com,Male,58.190.250.78
764,Demetris,Sherebrooke,dsherebrookel7@aol.com,Male,96.167.102.184
765,Davidson,Wetherell,dwetherelll8@constantcontact.com,Male,65.59.121.147
766,Matthus,Georgeou,mgeorgeoul9@quantcast.com,Male,73.68.226.16
767,Hartley,Sutherel,hsutherella@ft.com,Male,149.53.236.88
768,Mahalia,Hebborn,mhebbornlb@hao123.com,Female,80.177.0.20
769,Caleb,Davenhall,cdavenhalllc@unc.edu,Male,73.75.253.154
770,Melodie,Moens,mmoensld@tinyurl.com,Female,248.4.225.30
771,Serene,Schottli,sschottlile@163.com,Female,192.3.169.143
772,Rochelle,Farleigh,rfarleighlf@auda.org.au,Female,142.232.124.148
773,Geneva,Ioannou,gioannoulg@list-manage.com,Female,50.224.18.240
774,Francoise,Profit,fprofitlh@surveymonkey.com,Female,67.6.207.0
775,Joellyn,McReedy,jmcreedyli@weibo.com,Female,148.251.1.217
776,Doretta,Cicculi,dcicculilj@eepurl.com,Female,250.187.243.82
777,Clerissa,Gonzales,cgonzaleslk@china.com.cn,Female,237.176.254.3
778,Ashton,Pashen,apashenll@mayoclinic.com,Male,186.130.53.105
779,Cort,Blackborough,cblackboroughlm@yandex.ru,Male,128.78.246.231
780,Brewer,Tullett,btullettln@apple.com,Male,25.165.133.56
781,Dorita,Bedin,dbedinlo@blogtalkradio.com,Female,133.88.106.67
782,Gipsy,Spratt,gsprattlp@mayoclinic.com,Female,167.28.135.19
783,Linc,Lippingwell,llippingwelllq@upenn.edu,Male,240.241.81.246
784,Griselda,Gasken,ggaskenlr@amazon.de,Female,85.82.229.24
785,Robbi,Habben,rhabbenls@mapquest.com,Female,146.16.12.12
786,Godart,Febvre,gfebvrelt@mac.com,Male,235.153.193.136
787,Margalit,Culy,mculylu@barnesandnoble.com,Female,87.72.93.127
788,Dyane,Jaumet,djaumetlv@wordpress.org,Female,70.213.66.9
789,Mack,Duchant,mduchantlw@uol.com.br,Male,163.245.39.53
790,Cory,Veldstra,cveldstralx@harvard.edu,Male,183.162.86.81
791,Pavel,Pomroy,ppomroyly@salon.com,Male,247.243.190.96
792,Avrit,Goard,agoardlz@msn.com,Female,0.40.119.203
793,Reine,Kasper,rkasperm0@samsung.com,Agender,145.196.14.245
794,Helaina,Harses,hharsesm1@wsj.com,Female,54.229.218.189
795,Jamima,Deehan,jdeehanm2@de.vu,Female,192.106.217.13
796,Saleem,Goodsal,sgoodsalm3@webs.com,Male,125.45.174.55
797,Annaliese,Iddison,aiddisonm4@bbc.co.uk,Female,116.244.84.88
798,Marylynne,Frantzen,mfrantzenm5@webnode.com,Female,239.126.96.203
799,Sidonia,Stoade,sstoadem6@jimdo.com,Female,188.15.76.236
800,Lindi,Turl,lturlm7@multiply.com,Female,190.255.33.126
801,Wilow,Korting,wkortingm8@merriam-webster.com,Female,121.92.86.140
802,Theobald,Huertas,thuertasm9@imageshack.us,Male,218.92.172.237
803,Sal,Found,sfoundma@google.ru,Male,8.215.234.79
804,Teador,McCleod,tmccleodmb@delicious.com,Male,187.7.95.15
805,Saraann,Brame,sbramemc@pen.io,Female,245.24.69.139
806,Mordy,Salman,msalmanmd@wordpress.org,Male,162.99.193.87
807,Devonna,Wankel,dwankelme@arizona.edu,Female,139.234.20.80
808,Nigel,Oswell,noswellmf@bloglines.com,Male,126.160.35.223
809,Barrie,Belsey,bbelseymg@wiley.com,Female,196.71.195.137
810,Lev,Futter,lfuttermh@fc2.com,Male,148.195.118.200
811,Margaret,Coxen,mcoxenmi@imageshack.us,Female,84.155.171.231
812,Wang,Mattioni,wmattionimj@flavors.me,Male,28.222.67.164
813,Roberto,Hardaker,rhardakermk@biglobe.ne.jp,Male,172.129.231.92
814,Germana,Dyster,gdysterml@cpanel.net,Female,154.168.36.128
815,Caddric,Robardley,crobardleymm@weather.com,Male,22.7.100.161
816,Madalyn,Penwarden,mpenwardenmn@alexa.com,Female,72.167.61.153
817,Putnam,Northcote,pnorthcotemo@chicagotribune.com,Male,18.161.159.186
818,Candida,Peasey,cpeaseymp@imageshack.us,Female,213.6.46.184
819,Diann,Fuke,dfukemq@narod.ru,Female,9.160.218.166
820,Aile,Zellmer,azellmermr@theglobeandmail.com,Female,215.29.210.75
821,Sonnie,Sauniere,ssaunierems@bizjournals.com,Male,184.226.4.232
822,Jillana,Bastable,jbastablemt@jimdo.com,Female,101.229.255.120
823,Evangeline,Rillett,erillettmu@wsj.com,Female,222.2.200.2
824,Eben,McTavy,emctavymv@shutterfly.com,Male,159.148.182.192
825,Shermie,Maestro,smaestromw@nsw.gov.au,Male,13.193.167.95
826,Adrea,Portman,aportmanmx@behance.net,Female,182.49.238.150
827,Minta,Gorelli,mgorellimy@howstuffworks.com,Female,70.35.142.252
828,Tan,Ilive,tilivemz@bravesites.com,Male,137.191.194.99
829,Tedda,Newey,tneweyn0@squarespace.com,Female,41.125.15.15
830,Correna,Keeting,ckeetingn1@ihg.com,Female,102.118.22.192
831,Adoree,Borland,aborlandn2@cisco.com,Female,18.17.190.170
832,Worthy,Mushett,wmushettn3@sourceforge.net,Male,119.244.240.140
833,Kerk,Fewlass,kfewlassn4@facebook.com,Male,15.8.58.194
834,Wait,Freezor,wfreezorn5@delicious.com,Male,125.19.240.175
835,Sybila,Presnell,spresnelln6@gizmodo.com,Female,192.112.205.198
836,Carolan,Ellacombe,cellacomben7@bluehost.com,Female,164.222.156.75
837,Jocelin,Fidgeon,jfidgeonn8@sakura.ne.jp,Female,182.188.95.159
838,Cathlene,Rosellini,crosellinin9@t.co,Female,193.164.35.43
839,Mimi,Screen,mscreenna@sciencedaily.com,Female,234.239.130.235
840,Daile,Cromack,dcromacknb@buzzfeed.com,Female,226.39.204.249
841,Addia,Gowling,agowlingnc@gmpg.org,Female,17.108.47.240
842,Henrie,Gately,hgatelynd@meetup.com,Female,7.132.255.112
843,Paxton,Biglin,pbiglinne@noaa.gov,Male,180.102.74.161
844,Darelle,Teggin,dtegginnf@zdnet.com,Female,131.233.223.88
845,Sonja,Longega,slongegang@netscape.com,Female,224.2.60.78
846,Maible,Roddam,mroddamnh@cloudflare.com,Female,225.161.240.162
847,Nicol,Ciobutaro,nciobutaroni@tinyurl.com,Non-binary,81.200.109.97
848,Moe,Helstrom,mhelstromnj@theatlantic.com,Male,95.155.114.232
849,Hastie,Tommei,htommeink@360.cn,Male,170.30.158.27
850,Rosemarie,Levensky,rlevenskynl@engadget.com,Female,182.149.221.153
851,Viviene,Morch,vmorchnm@purevolume.com,Female,243.150.120.53
852,Maxim,Pragnall,mpragnallnn@prnewswire.com,Male,131.31.84.146
853,Ilario,Willmer,iwillmerno@soup.io,Male,160.165.248.160
854,Ediva,Dentith,edentithnp@joomla.org,Female,35.187.136.44
855,Carmelle,Keen,ckeennq@goodreads.com,Female,123.223.207.39
856,Lyndsey,Dymocke,ldymockenr@livejournal.com,Female,188.211.119.61
857,Cassie,Haggard,chaggardns@japanpost.jp,Male,81.42.73.149
858,Ingrid,Cossans,icossansnt@dailymotion.com,Female,188.241.243.223
859,Jacquie,Inott,jinottnu@reuters.com,Female,102.163.129.233
860,Leo,Manoelli,lmanoellinv@123-reg.co.uk,Male,13.216.25.207
861,Kippar,Housaman,khousamannw@cpanel.net,Male,205.31.140.107
862,Nelle,McKniely,nmcknielynx@posterous.com,Female,117.184.219.15
863,Emanuel,Isac,eisacny@sogou.com,Male,244.28.86.112
864,Breanne,Cicconetti,bcicconettinz@odnoklassniki.ru,Female,104.141.122.240
865,Michelina,Garstan,mgarstano0@amazon.de,Genderqueer,76.60.212.79
866,Trip,Brookz,tbrookzo1@livejournal.com,Male,198.45.241.131
867,Keelia,Wannell,kwannello2@topsy.com,Female,197.136.252.199
868,Susanetta,Mallalieu,smallalieuo3@blogtalkradio.com,Female,25.231.174.210
869,Si,Rosencwaig,srosencwaigo4@usa.gov,Male,156.189.117.255
870,Eveleen,Ashurst,eashursto5@pagesperso-orange.fr,Female,43.232.63.141
871,Francklin,Battisson,fbattissono6@irs.gov,Male,32.2.32.243
872,Orelle,Longina,olonginao7@addtoany.com,Female,252.15.77.168
873,Abdul,Breeze,abreezeo8@sourceforge.net,Male,137.142.195.187
874,Bebe,Friatt,bfriatto9@vkontakte.ru,Female,127.197.88.212
875,Zaccaria,Traill,ztrailloa@walmart.com,Male,193.199.115.135
876,Shani,Broadley,sbroadleyob@elpais.com,Female,170.223.247.229
877,Clarey,Archdeacon,carchdeaconoc@cyberchimps.com,Female,138.127.186.126
878,Andie,Stickland,asticklandod@dyndns.org,Female,2.174.66.154
879,Nikaniki,Sapwell,nsapwelloe@seesaa.net,Female,13.110.134.87
880,Franzen,D'Aubney,fdaubneyof@woothemes.com,Male,249.117.31.173
881,Noni,Trehearn,ntrehearnog@squarespace.com,Female,212.165.160.17
882,Randy,Siseland,rsiselandoh@census.gov,Female,134.18.1.237
883,Bobby,Ryal,bryaloi@ft.com,Male,223.145.165.75
884,Terese,Taffe,ttaffeoj@addtoany.com,Female,24.191.91.234
885,Reid,Gudd,rguddok@youku.com,Male,241.41.116.198
886,Iver,Bootell,ibootellol@hhs.gov,Male,187.203.118.160
887,Brent,Simanenko,bsimanenkoom@usgs.gov,Male,248.196.141.37
888,Bryon,Goghin,bgoghinon@cocolog-nifty.com,Male,236.21.122.142
889,Warden,Chaman,wchamanoo@rambler.ru,Male,2.127.34.76
890,Caryn,Santello,csantelloop@ehow.com,Female,199.186.64.131
891,Nelia,McNalley,nmcnalleyoq@forbes.com,Female,251.79.207.202
892,Darn,Groveham,dgrovehamor@indiegogo.com,Male,234.55.196.172
893,Lucho,Choppin,lchoppinos@geocities.com,Male,49.87.200.158
894,Yanaton,Sallows,ysallowsot@mail.ru,Male,182.163.27.147
895,Shea,O'Doohaine,sodoohaineou@list-manage.com,Male,45.44.227.159
896,Donnamarie,McDade,dmcdadeov@pbs.org,Female,112.153.192.110
897,Celestyn,Charlin,ccharlinow@eepurl.com,Female,237.36.118.141
898,Moore,Watford,mwatfordox@furl.net,Male,180.2.30.9
899,Katusha,Axtonne,kaxtonneoy@dedecms.com,Female,38.28.30.36
900,Elvina,Shepton,esheptonoz@stumbleupon.com,Female,186.65.228.37
901,Hamlin,Arnout,harnoutp0@deliciousdays.com,Male,173.39.11.118
902,Othilie,Dinjes,odinjesp1@sphinn.com,Female,10.77.74.91
903,Isabelita,Bastone,ibastonep2@blog.com,Female,141.145.216.63
904,Calla,Maidstone,cmaidstonep3@typepad.com,Female,202.149.110.42
905,Binny,Bonanno,bbonannop4@java.com,Female,43.254.49.82
906,Wendall,Hayward,whaywardp5@patch.com,Non-binary,237.172.125.15
907,Carroll,Brede,cbredep6@adobe.com,Female,42.233.211.99
908,Modestia,Croughan,mcroughanp7@mayoclinic.com,Female,104.110.145.224
909,Lilli,Espie,lespiep8@shop-pro.jp,Female,46.42.0.67
910,Horten,Pilling,hpillingp9@yale.edu,Male,65.181.12.181
911,Jacquelyn,Kiddey,jkiddeypa@nbcnews.com,Female,121.33.118.87
912,Gilburt,Hanton,ghantonpb@unblog.fr,Male,12.206.84.27
913,Pippa,Chatteris,pchatterispc@nationalgeographic.com,Female,248.39.80.169
914,Hubert,Spottiswoode,hspottiswoodepd@flavors.me,Male,183.8.241.218
915,Hannis,Millson,hmillsonpe@w3.org,Female,102.197.66.23
916,Huntley,Camillo,hcamillopf@un.org,Male,140.41.172.248
917,Collette,Scotts,cscottspg@springer.com,Female,89.114.151.136
918,Cally,Merck,cmerckph@jalbum.net,Female,85.170.40.186
919,Egbert,Syers,esyerspi@discovery.com,Male,195.105.149.247
920,Vinson,McIlwain,vmcilwainpj@unblog.fr,Male,239.193.99.213
921,Rodolph,Rennenbach,rrennenbachpk@yahoo.com,Male,220.209.9.61
922,Conan,Lukasen,clukasenpl@squarespace.com,Genderqueer,13.2.242.122
923,Keri,Orris,korrispm@webnode.com,Polygender,28.160.43.229
924,Tirrell,Madgin,tmadginpn@latimes.com,Male,28.155.62.102
925,Hilton,Diloway,hdilowaypo@dedecms.com,Male,151.76.29.21
926,Lewiss,Scrivner,lscrivnerpp@goodreads.com,Male,16.249.209.182
927,Tommy,Hansie,thansiepq@wiley.com,Female,42.173.67.229
928,Dicky,Faldoe,dfaldoepr@sfgate.com,Male,57.175.48.13
929,Mateo,Isack,misackps@arstechnica.com,Male,71.150.195.213
930,Rena,Fance,rfancept@tuttocitta.it,Female,150.149.73.112
931,Rafferty,Loveitt,rloveittpu@archive.org,Male,195.223.115.23
932,Leigh,Jirick,ljirickpv@ihg.com,Female,69.134.116.75
933,Denis,Darycott,ddarycottpw@wikimedia.org,Male,209.189.192.181
934,Alida,Armytage,aarmytagepx@i2i.jp,Female,18.65.152.249
935,Giff,Ambrosi,gambrosipy@technorati.com,Male,128.229.39.140
936,Franny,Gristock,fgristockpz@sourceforge.net,Female,131.220.223.1
937,Rand,Acutt,racuttq0@noaa.gov,Male,42.6.53.45
938,Elise,Stickford,estickfordq1@google.pl,Female,211.145.254.170
939,Carmelina,Kalkhoven,ckalkhovenq2@last.fm,Female,218.143.238.194
940,Winni,Mordon,wmordonq3@nytimes.com,Female,58.44.109.116
941,Benny,Greenall,bgreenallq4@ucoz.com,Female,211.242.179.118
942,Had,Mulloch,hmullochq5@multiply.com,Male,200.4.246.11
943,Sayers,Gotch,sgotchq6@ibm.com,Male,153.245.226.18
944,Yves,Menure,ymenureq7@tripod.com,Male,130.204.178.135
945,Latisha,Bestall,lbestallq8@soundcloud.com,Genderqueer,200.68.255.180
946,Hyman,Lydiard,hlydiardq9@etsy.com,Male,148.185.222.44
947,Reynard,Gash,rgashqa@businessweek.com,Male,246.114.116.192
948,Tabbi,Tyndall,ttyndallqb@unblog.fr,Female,93.250.25.114
949,Katherina,Burnham,kburnhamqc@over-blog.com,Female,16.76.91.198
950,Britni,Kensington,bkensingtonqd@uol.com.br,Female,237.248.28.52
951,Wilfred,MacDowal,wmacdowalqe@who.int,Male,46.48.46.25
952,Angie,Keig,akeigqf@usnews.com,Male,3.247.75.95
953,Doug,Crunkhorn,dcrunkhornqg@nytimes.com,Male,13.177.122.125
954,Erv,Natte,enatteqh@a8.net,Male,85.34.205.144
955,Georgie,Bullers,gbullersqi@netvibes.com,Male,220.56.45.19
956,Stu,Lygo,slygoqj@miibeian.gov.cn,Male,181.51.23.141
957,Diandra,Ozelton,dozeltonqk@illinois.edu,Female,103.205.4.185
958,Sacha,Walthew,swalthewql@wix.com,Female,134.107.17.146
959,Amabelle,Jaksic,ajaksicqm@latimes.com,Female,127.130.245.209
960,Eustacia,Errichi,eerrichiqn@soup.io,Female,95.238.147.153
961,Gilburt,Forson,gforsonqo@domainmarket.com,Male,1.117.165.90
962,Michele,Smiths,msmithsqp@toplist.cz,Male,237.93.224.111
963,Dalton,Durbyn,ddurbynqq@netvibes.com,Non-binary,240.19.90.240
964,Ronny,Asher,rasherqr@digg.com,Male,6.252.219.5
965,Velma,Humber,vhumberqs@cnn.com,Female,1.80.76.187
966,Normie,Bradfield,nbradfieldqt@marketwatch.com,Male,27.70.246.126
967,Carma,Messham,cmesshamqu@symantec.com,Female,163.143.191.164
968,Rhiamon,Hakey,rhakeyqv@weebly.com,Female,76.235.166.253
969,Boigie,Sedcole,bsedcoleqw@epa.gov,Bigender,177.197.164.56
970,Gail,Agglione,gagglioneqx@ucoz.com,Agender,244.89.169.171
971,Audy,Hailes,ahailesqy@hao123.com,Female,52.121.180.197
972,Freddy,Flisher,fflisherqz@tripod.com,Female,130.146.106.58
973,Klarika,McNeillie,kmcneillier0@yahoo.co.jp,Female,178.0.195.177
974,Eldin,Paule,epauler1@g.co,Male,90.204.126.124
975,Greggory,Jore,gjorer2@irs.gov,Male,27.64.225.47
976,Robbyn,Killbey,rkillbeyr3@moonfruit.com,Female,254.222.49.54
977,Tris,Reide,treider4@ucoz.com,Male,200.113.203.227
978,Valerie,Bardsley,vbardsleyr5@feedburner.com,Female,47.104.80.228
979,Gill,Dominetti,gdominettir6@hugedomains.com,Female,49.97.209.130
980,Kaiser,Bagguley,kbagguleyr7@wsj.com,Male,212.169.86.63
981,Rayna,Flexman,rflexmanr8@hao123.com,Female,203.163.68.206
982,Oberon,Pellissier,opellissierr9@examiner.com,Male,159.126.203.24
983,Julia,Wellbelove,jwellbelovera@ed.gov,Female,118.34.84.18
984,Lulita,Yve,lyverb@gravatar.com,Female,97.29.69.150
985,Mercie,Crufts,mcruftsrc@taobao.com,Female,239.25.172.36
986,Hurley,Philbrick,hphilbrickrd@princeton.edu,Male,17.128.5.206
987,Orin,Ridesdale,oridesdalere@hhs.gov,Genderqueer,155.66.22.15
988,Bernice,Banaszewski,bbanaszewskirf@zimbio.com,Female,44.59.167.248
989,Loydie,Pindred,lpindredrg@php.net,Male,68.180.15.44
990,Cullie,Curbishley,ccurbishleyrh@tripadvisor.com,Male,243.183.190.231
991,Salome,Stallworthy,sstallworthyri@telegraph.co.uk,Female,202.244.187.102
992,Alexandros,Hensmans,ahensmansrj@washingtonpost.com,Male,45.131.59.93
993,Nelie,Kingcott,nkingcottrk@ask.com,Female,187.226.63.241
994,Florida,Wisson,fwissonrl@youku.com,Female,101.80.230.150
995,Matthus,Elsom,melsomrm@auda.org.au,Male,70.159.9.137
996,Issi,Cheke,ichekern@amazon.de,Female,88.64.238.77
997,Gerome,McAdam,gmcadamro@prweb.com,Male,128.132.244.62
998,Anestassia,Stutte,astutterp@moonfruit.com,Female,68.121.57.169
999,My,Josephov,mjosephovrq@nature.com,Male,159.176.30.107
1000,Forest,McGifford,fmcgiffordrr@buzzfeed.com,Male,40.255.23.95
